{
  "test_accuracy": 0.9155722326454033,
  "per_class_auc": {
    "Normal": 0.9730583647299889,
    "Osteopenia": 0.9748996155111894,
    "Osteoporosis": 0.995361598075481
  },
  "mean_auc": 0.981106526105553,
  "confusion_matrix": [
    [
      1673,
      528,
      13
    ],
    [
      103,
      4282,
      43
    ],
    [
      27,
      96,
      2829
    ]
  ],
  "classification_report": {
    "Normal": {
      "precision": 0.92789794786467,
      "recall": 0.7556458897922312,
      "f1-score": 0.8329599203385611,
      "support": 2214.0
    },
    "Osteopenia": {
      "precision": 0.8728088055442316,
      "recall": 0.9670280036133695,
      "f1-score": 0.9175058924362546,
      "support": 4428.0
    },
    "Osteoporosis": {
      "precision": 0.9805892547660312,
      "recall": 0.9583333333333334,
      "f1-score": 0.9693335617611787,
      "support": 2952.0
    },
    "accuracy": 0.9155722326454033,
    "macro avg": {
      "precision": 0.9270986693916442,
      "recall": 0.8936690755796447,
      "f1-score": 0.9065997915119981,
      "support": 9594.0
    },
    "weighted avg": {
      "precision": 0.918684899686425,
      "recall": 0.9155722326454033,
      "f1-score": 0.9139422586675328,
      "support": 9594.0
    }
  }
}